Index,Input_Path,Cropped_Path
1,C:\Users\MoOoOona\Desktop\Sciton\pdf\ocrpdf\images\50335 s2021-07-23.pdf.jpg,
2,C:\Users\MoOoOona\Desktop\Sciton\pdf\ocrpdf\images\50336 s2021-08-20.pdf.jpg,C:\Users\MoOoOona\Desktop\Sciton\pdf\ocrpdf\cropped_images\50336 s2021-08-20_cropped.jpg
3,C:\Users\MoOoOona\Desktop\Sciton\pdf\ocrpdf\images\50337 m2021-07-16.pdf.jpg,
4,C:\Users\MoOoOona\Desktop\Sciton\pdf\ocrpdf\images\50337 s2021-11-10.pdf.jpg,C:\Users\MoOoOona\Desktop\Sciton\pdf\ocrpdf\cropped_images\50337 s2021-11-10_cropped.jpg
5,C:\Users\MoOoOona\Desktop\Sciton\pdf\ocrpdf\images\50340 m2021-07-14.pdf.jpg,
6,C:\Users\MoOoOona\Desktop\Sciton\pdf\ocrpdf\images\50340 s2021-07-15.pdf.jpg,C:\Users\MoOoOona\Desktop\Sciton\pdf\ocrpdf\cropped_images\50340 s2021-07-15_cropped.jpg
7,C:\Users\MoOoOona\Desktop\Sciton\pdf\ocrpdf\images\50340 s2021-12-16.pdf.jpg,
8,C:\Users\MoOoOona\Desktop\Sciton\pdf\ocrpdf\images\50341 s2022-06-09.pdf.jpg,
9,C:\Users\MoOoOona\Desktop\Sciton\pdf\ocrpdf\images\50341 s2022-10-06.pdf.jpg,
10,C:\Users\MoOoOona\Desktop\Sciton\pdf\ocrpdf\images\50341 s2022-11-08.pdf.jpg,
11,C:\Users\MoOoOona\Desktop\Sciton\pdf\ocrpdf\images\50344 m2021-07-26.pdf.jpg,
12,C:\Users\MoOoOona\Desktop\Sciton\pdf\ocrpdf\images\50348 s2022-12-09.pdf.jpg,
13,C:\Users\MoOoOona\Desktop\Sciton\pdf\ocrpdf\images\50350 m2021-07-26.pdf.jpg,
14,C:\Users\MoOoOona\Desktop\Sciton\pdf\ocrpdf\images\50351 m2021-07-26.pdf.jpg,
15,C:\Users\MoOoOona\Desktop\Sciton\pdf\ocrpdf\images\50351 s2022-01-25.pdf.jpg,
16,C:\Users\MoOoOona\Desktop\Sciton\pdf\ocrpdf\images\50356 m2021-07-30.pdf.jpg,
17,C:\Users\MoOoOona\Desktop\Sciton\pdf\ocrpdf\images\50357 m2021-07-30.pdf.jpg,
18,C:\Users\MoOoOona\Desktop\Sciton\pdf\ocrpdf\images\50357 s2021-08-23.pdf.jpg,C:\Users\MoOoOona\Desktop\Sciton\pdf\ocrpdf\cropped_images\50357 s2021-08-23_cropped.jpg
19,C:\Users\MoOoOona\Desktop\Sciton\pdf\ocrpdf\images\50360 m2021-08-10.pdf.jpg,
20,C:\Users\MoOoOona\Desktop\Sciton\pdf\ocrpdf\images\50362 m2021-08-10.pdf.jpg,
21,C:\Users\MoOoOona\Desktop\Sciton\pdf\ocrpdf\images\50362 s2021-08-30.pdf.jpg,C:\Users\MoOoOona\Desktop\Sciton\pdf\ocrpdf\cropped_images\50362 s2021-08-30_cropped.jpg
22,C:\Users\MoOoOona\Desktop\Sciton\pdf\ocrpdf\images\50363 s2021-08-05.pdf.jpg,
23,C:\Users\MoOoOona\Desktop\Sciton\pdf\ocrpdf\images\50364 m2021-08-06.pdf.jpg,
24,C:\Users\MoOoOona\Desktop\Sciton\pdf\ocrpdf\images\50364 s2021-08-09.pdf.jpg,
25,C:\Users\MoOoOona\Desktop\Sciton\pdf\ocrpdf\images\50364 s2022-11-22.pdf.jpg,
26,C:\Users\MoOoOona\Desktop\Sciton\pdf\ocrpdf\images\50365 m2021-07-30.pdf.jpg,
27,C:\Users\MoOoOona\Desktop\Sciton\pdf\ocrpdf\images\50365 s2021-12-21.pdf.jpg,
28,C:\Users\MoOoOona\Desktop\Sciton\pdf\ocrpdf\images\50366 s2021-10-12.pdf.jpg,
29,C:\Users\MoOoOona\Desktop\Sciton\pdf\ocrpdf\images\50366 s2021-11-15.pdf.jpg,
30,C:\Users\MoOoOona\Desktop\Sciton\pdf\ocrpdf\images\50368 m2021-07-30.pdf.jpg,
31,C:\Users\MoOoOona\Desktop\Sciton\pdf\ocrpdf\images\50368 s2021-08-05.pdf.jpg,C:\Users\MoOoOona\Desktop\Sciton\pdf\ocrpdf\cropped_images\50368 s2021-08-05_cropped.jpg
32,C:\Users\MoOoOona\Desktop\Sciton\pdf\ocrpdf\images\50368 s2021-12-02.pdf.jpg,
33,C:\Users\MoOoOona\Desktop\Sciton\pdf\ocrpdf\images\50369 s2021-08-31.pdf.jpg,C:\Users\MoOoOona\Desktop\Sciton\pdf\ocrpdf\cropped_images\50369 s2021-08-31_cropped.jpg
34,C:\Users\MoOoOona\Desktop\Sciton\pdf\ocrpdf\images\50373 m2021-08-07.pdf.jpg,
35,C:\Users\MoOoOona\Desktop\Sciton\pdf\ocrpdf\images\50373 s2022-08-03.pdf.jpg,
36,C:\Users\MoOoOona\Desktop\Sciton\pdf\ocrpdf\images\50376 m2021-08-07.pdf.jpg,
37,C:\Users\MoOoOona\Desktop\Sciton\pdf\ocrpdf\images\50376 s2021-09-18.pdf.jpg,C:\Users\MoOoOona\Desktop\Sciton\pdf\ocrpdf\cropped_images\50376 s2021-09-18_cropped.jpg
38,C:\Users\MoOoOona\Desktop\Sciton\pdf\ocrpdf\images\50378 s2021-08-11.pdf.jpg,C:\Users\MoOoOona\Desktop\Sciton\pdf\ocrpdf\cropped_images\50378 s2021-08-11_cropped.jpg
39,C:\Users\MoOoOona\Desktop\Sciton\pdf\ocrpdf\images\50382 s2021-11-17 (2).pdf.jpg,
40,C:\Users\MoOoOona\Desktop\Sciton\pdf\ocrpdf\images\50387 m2021-08-11.pdf.jpg,
41,C:\Users\MoOoOona\Desktop\Sciton\pdf\ocrpdf\images\50387 s2022-03-15.pdf.jpg,
42,C:\Users\MoOoOona\Desktop\Sciton\pdf\ocrpdf\images\50388 s2021-08-12.pdf.jpg,
43,C:\Users\MoOoOona\Desktop\Sciton\pdf\ocrpdf\images\50388 s2022-07-12.pdf.jpg,
44,C:\Users\MoOoOona\Desktop\Sciton\pdf\ocrpdf\images\50389 s2022-06-10.pdf.jpg,
45,C:\Users\MoOoOona\Desktop\Sciton\pdf\ocrpdf\images\50389 s2022-09-19.pdf.jpg,
46,C:\Users\MoOoOona\Desktop\Sciton\pdf\ocrpdf\images\50389 s2022-10-13.pdf.jpg,
47,C:\Users\MoOoOona\Desktop\Sciton\pdf\ocrpdf\images\50391 m2021-08-23.pdf.jpg,
48,C:\Users\MoOoOona\Desktop\Sciton\pdf\ocrpdf\images\50391 s2021-08-26.pdf.jpg,C:\Users\MoOoOona\Desktop\Sciton\pdf\ocrpdf\cropped_images\50391 s2021-08-26_cropped.jpg
49,C:\Users\MoOoOona\Desktop\Sciton\pdf\ocrpdf\images\50392 m2021-08-30.pdf.jpg,
50,C:\Users\MoOoOona\Desktop\Sciton\pdf\ocrpdf\images\50395 m2021-08-30.pdf.jpg,
51,C:\Users\MoOoOona\Desktop\Sciton\pdf\ocrpdf\images\50395 s2021-09-02.pdf.jpg,C:\Users\MoOoOona\Desktop\Sciton\pdf\ocrpdf\cropped_images\50395 s2021-09-02_cropped.jpg
52,C:\Users\MoOoOona\Desktop\Sciton\pdf\ocrpdf\images\50399 m2021-08-30.pdf.jpg,
53,C:\Users\MoOoOona\Desktop\Sciton\pdf\ocrpdf\images\50399 s2021-08-27.pdf.jpg,
54,C:\Users\MoOoOona\Desktop\Sciton\pdf\ocrpdf\images\50401 m2021-09-04.pdf.jpg,
55,C:\Users\MoOoOona\Desktop\Sciton\pdf\ocrpdf\images\50403 m2021-09-04.pdf.jpg,
56,C:\Users\MoOoOona\Desktop\Sciton\pdf\ocrpdf\images\50411 s2022-08-18.pdf.jpg,
57,C:\Users\MoOoOona\Desktop\Sciton\pdf\ocrpdf\images\50412 m2021-09-13.pdf.jpg,
58,C:\Users\MoOoOona\Desktop\Sciton\pdf\ocrpdf\images\50412 m2022-07-09.pdf.jpg,
59,C:\Users\MoOoOona\Desktop\Sciton\pdf\ocrpdf\images\50416 s2021-10-21.pdf.jpg,
60,C:\Users\MoOoOona\Desktop\Sciton\pdf\ocrpdf\images\50416 s2021-10-26.pdf.jpg,
61,C:\Users\MoOoOona\Desktop\Sciton\pdf\ocrpdf\images\50417 m2021-09-04.pdf.jpg,
62,C:\Users\MoOoOona\Desktop\Sciton\pdf\ocrpdf\images\50422 m2021-09-13.pdf.jpg,
63,C:\Users\MoOoOona\Desktop\Sciton\pdf\ocrpdf\images\50422 s2022-05-11.pdf.jpg,
64,C:\Users\MoOoOona\Desktop\Sciton\pdf\ocrpdf\images\50422 s2022-11-22.pdf.jpg,
65,C:\Users\MoOoOona\Desktop\Sciton\pdf\ocrpdf\images\50425 s2021-09-08.pdf.jpg,C:\Users\MoOoOona\Desktop\Sciton\pdf\ocrpdf\cropped_images\50425 s2021-09-08_cropped.jpg
66,C:\Users\MoOoOona\Desktop\Sciton\pdf\ocrpdf\images\50428 m2021-09-13.pdf.jpg,
67,C:\Users\MoOoOona\Desktop\Sciton\pdf\ocrpdf\images\50432 m2021-09-17.pdf.jpg,
68,C:\Users\MoOoOona\Desktop\Sciton\pdf\ocrpdf\images\50432 s2022-08-29.pdf.jpg,
69,C:\Users\MoOoOona\Desktop\Sciton\pdf\ocrpdf\images\50435 m2021-09-17.pdf.jpg,
70,C:\Users\MoOoOona\Desktop\Sciton\pdf\ocrpdf\images\50435 s2022-10-18.pdf.jpg,
71,C:\Users\MoOoOona\Desktop\Sciton\pdf\ocrpdf\images\50438 s2021-09-24.pdf.jpg,
72,C:\Users\MoOoOona\Desktop\Sciton\pdf\ocrpdf\images\50438 s2021-09-28.pdf.jpg,
73,C:\Users\MoOoOona\Desktop\Sciton\pdf\ocrpdf\images\50439 s2021-11-02.pdf.jpg,
74,C:\Users\MoOoOona\Desktop\Sciton\pdf\ocrpdf\images\50439 s2023-01-12.pdf.jpg,
75,C:\Users\MoOoOona\Desktop\Sciton\pdf\ocrpdf\images\50441 s2021-09-22.pdf.jpg,C:\Users\MoOoOona\Desktop\Sciton\pdf\ocrpdf\cropped_images\50441 s2021-09-22_cropped.jpg
76,C:\Users\MoOoOona\Desktop\Sciton\pdf\ocrpdf\images\50441 s2022-01-03.pdf.jpg,
77,C:\Users\MoOoOona\Desktop\Sciton\pdf\ocrpdf\images\50447 m2021-09-30.pdf.jpg,
78,C:\Users\MoOoOona\Desktop\Sciton\pdf\ocrpdf\images\50448 s2022-08-11.pdf.jpg,
79,C:\Users\MoOoOona\Desktop\Sciton\pdf\ocrpdf\images\50448 s2022-12-28.pdf.jpg,
80,C:\Users\MoOoOona\Desktop\Sciton\pdf\ocrpdf\images\50453 m2021-09-30.pdf.jpg,
81,C:\Users\MoOoOona\Desktop\Sciton\pdf\ocrpdf\images\50462 m2021-10-08.pdf.jpg,
82,C:\Users\MoOoOona\Desktop\Sciton\pdf\ocrpdf\images\50462 s2021-10-11.pdf.jpg,C:\Users\MoOoOona\Desktop\Sciton\pdf\ocrpdf\cropped_images\50462 s2021-10-11_cropped.jpg
83,C:\Users\MoOoOona\Desktop\Sciton\pdf\ocrpdf\images\50462 s2022-12-22.pdf.jpg,
84,C:\Users\MoOoOona\Desktop\Sciton\pdf\ocrpdf\images\50463 m2021-10-04.pdf.jpg,
85,C:\Users\MoOoOona\Desktop\Sciton\pdf\ocrpdf\images\50463 s2021-10-08.pdf.jpg,
86,C:\Users\MoOoOona\Desktop\Sciton\pdf\ocrpdf\images\50464 m2021-10-30.pdf.jpg,
87,C:\Users\MoOoOona\Desktop\Sciton\pdf\ocrpdf\images\50464 s2021-12-12.pdf.jpg,
88,C:\Users\MoOoOona\Desktop\Sciton\pdf\ocrpdf\images\50466 s2021-10-11.pdf.jpg,C:\Users\MoOoOona\Desktop\Sciton\pdf\ocrpdf\cropped_images\50466 s2021-10-11_cropped.jpg
89,C:\Users\MoOoOona\Desktop\Sciton\pdf\ocrpdf\images\50467 m2021-10-30.pdf.jpg,
90,C:\Users\MoOoOona\Desktop\Sciton\pdf\ocrpdf\images\50467 s2021-10-13.pdf.jpg,
91,C:\Users\MoOoOona\Desktop\Sciton\pdf\ocrpdf\images\50472 s2022-11-16.pdf.jpg,
92,C:\Users\MoOoOona\Desktop\Sciton\pdf\ocrpdf\images\50474 m2021-10-30.pdf.jpg,
93,C:\Users\MoOoOona\Desktop\Sciton\pdf\ocrpdf\images\50479 s2022-01-25.pdf.jpg,
94,C:\Users\MoOoOona\Desktop\Sciton\pdf\ocrpdf\images\50479 s2022-05-03.pdf.jpg,
95,C:\Users\MoOoOona\Desktop\Sciton\pdf\ocrpdf\images\50479 s2022-09-28.pdf.jpg,
96,C:\Users\MoOoOona\Desktop\Sciton\pdf\ocrpdf\images\50483 m2021-10-30.pdf.jpg,
97,C:\Users\MoOoOona\Desktop\Sciton\pdf\ocrpdf\images\50485 m2021-10-30.pdf.jpg,
98,C:\Users\MoOoOona\Desktop\Sciton\pdf\ocrpdf\images\50485 s2022-01-25.pdf.jpg,
99,C:\Users\MoOoOona\Desktop\Sciton\pdf\ocrpdf\images\50485 s2022-01-27.pdf.jpg,
100,C:\Users\MoOoOona\Desktop\Sciton\pdf\ocrpdf\images\50494 m2021-11-08.pdf.jpg,
101,C:\Users\MoOoOona\Desktop\Sciton\pdf\ocrpdf\images\50495 s2021-11-05.pdf.jpg,
102,C:\Users\MoOoOona\Desktop\Sciton\pdf\ocrpdf\images\50496 s2021-11-11.pdf.jpg,C:\Users\MoOoOona\Desktop\Sciton\pdf\ocrpdf\cropped_images\50496 s2021-11-11_cropped.jpg
103,C:\Users\MoOoOona\Desktop\Sciton\pdf\ocrpdf\images\50498 m2021-11-16.pdf.jpg,
104,C:\Users\MoOoOona\Desktop\Sciton\pdf\ocrpdf\images\50498 s2021-11-26.pdf.jpg,C:\Users\MoOoOona\Desktop\Sciton\pdf\ocrpdf\cropped_images\50498 s2021-11-26_cropped.jpg
105,C:\Users\MoOoOona\Desktop\Sciton\pdf\ocrpdf\images\50501 s2022-08-19.pdf.jpg,
106,C:\Users\MoOoOona\Desktop\Sciton\pdf\ocrpdf\images\50504 s2022-10-04.pdf.jpg,
107,C:\Users\MoOoOona\Desktop\Sciton\pdf\ocrpdf\images\50505 m2021-11-26.pdf.jpg,
108,C:\Users\MoOoOona\Desktop\Sciton\pdf\ocrpdf\images\50505 s2022-11-09.pdf.jpg,
109,C:\Users\MoOoOona\Desktop\Sciton\pdf\ocrpdf\images\50507 s2022-08-25.pdf.jpg,
110,C:\Users\MoOoOona\Desktop\Sciton\pdf\ocrpdf\images\50509 m2021-11-16.pdf.jpg,
111,C:\Users\MoOoOona\Desktop\Sciton\pdf\ocrpdf\images\50509 s2021-11-26.pdf.jpg,C:\Users\MoOoOona\Desktop\Sciton\pdf\ocrpdf\cropped_images\50509 s2021-11-26_cropped.jpg
112,C:\Users\MoOoOona\Desktop\Sciton\pdf\ocrpdf\images\50510 m2021-11-13.pdf.jpg,
113,C:\Users\MoOoOona\Desktop\Sciton\pdf\ocrpdf\images\50510 s2021-11-20.pdf.jpg,
114,C:\Users\MoOoOona\Desktop\Sciton\pdf\ocrpdf\images\50515 m2021-11-15.pdf.jpg,
115,C:\Users\MoOoOona\Desktop\Sciton\pdf\ocrpdf\images\50515 s2021-11-19.pdf.jpg,
116,C:\Users\MoOoOona\Desktop\Sciton\pdf\ocrpdf\images\50515 s2022-01-11.pdf.jpg,
117,C:\Users\MoOoOona\Desktop\Sciton\pdf\ocrpdf\images\50515 s2022-01-17.pdf.jpg,
118,C:\Users\MoOoOona\Desktop\Sciton\pdf\ocrpdf\images\50521 m2021-11-26.pdf.jpg,
119,C:\Users\MoOoOona\Desktop\Sciton\pdf\ocrpdf\images\50521 s2021-12-02.pdf.jpg,C:\Users\MoOoOona\Desktop\Sciton\pdf\ocrpdf\cropped_images\50521 s2021-12-02_cropped.jpg
120,C:\Users\MoOoOona\Desktop\Sciton\pdf\ocrpdf\images\50524 m2021-11-26.pdf.jpg,
121,C:\Users\MoOoOona\Desktop\Sciton\pdf\ocrpdf\images\50527 m2021-11-27.pdf.jpg,
122,C:\Users\MoOoOona\Desktop\Sciton\pdf\ocrpdf\images\50527 s2021-11-29.pdf.jpg,C:\Users\MoOoOona\Desktop\Sciton\pdf\ocrpdf\cropped_images\50527 s2021-11-29_cropped.jpg
123,C:\Users\MoOoOona\Desktop\Sciton\pdf\ocrpdf\images\50530 m2021-12-07.pdf.jpg,
124,C:\Users\MoOoOona\Desktop\Sciton\pdf\ocrpdf\images\50530 s2022-07-29.pdf.jpg,
125,C:\Users\MoOoOona\Desktop\Sciton\pdf\ocrpdf\images\50532 m2021-12-06.pdf.jpg,
126,C:\Users\MoOoOona\Desktop\Sciton\pdf\ocrpdf\images\50533 s2023-01-13.pdf.jpg,
127,C:\Users\MoOoOona\Desktop\Sciton\pdf\ocrpdf\images\50536 s2022-02-01.pdf.jpg,
128,C:\Users\MoOoOona\Desktop\Sciton\pdf\ocrpdf\images\50536 s2022-04-12.pdf.jpg,
129,C:\Users\MoOoOona\Desktop\Sciton\pdf\ocrpdf\images\50536 s2022-04-14.pdf.jpg,
130,C:\Users\MoOoOona\Desktop\Sciton\pdf\ocrpdf\images\50536 s2022-06-16.pdf.jpg,
131,C:\Users\MoOoOona\Desktop\Sciton\pdf\ocrpdf\images\50536 s2022-06-17.pdf.jpg,
132,C:\Users\MoOoOona\Desktop\Sciton\pdf\ocrpdf\images\50536 s2022-08-19.pdf.jpg,
133,C:\Users\MoOoOona\Desktop\Sciton\pdf\ocrpdf\images\50536 s2022-10-10.pdf.jpg,
134,C:\Users\MoOoOona\Desktop\Sciton\pdf\ocrpdf\images\50539 s2022-03-09.pdf.jpg,
135,C:\Users\MoOoOona\Desktop\Sciton\pdf\ocrpdf\images\50541 s2022-11-03.pdf.jpg,
136,C:\Users\MoOoOona\Desktop\Sciton\pdf\ocrpdf\images\50548 m2021-12-18.pdf.jpg,
137,C:\Users\MoOoOona\Desktop\Sciton\pdf\ocrpdf\images\50550 m2021-12-13.pdf.jpg,
138,C:\Users\MoOoOona\Desktop\Sciton\pdf\ocrpdf\images\50550 s2021-12-20.pdf.jpg,C:\Users\MoOoOona\Desktop\Sciton\pdf\ocrpdf\cropped_images\50550 s2021-12-20_cropped.jpg
139,C:\Users\MoOoOona\Desktop\Sciton\pdf\ocrpdf\images\50552 s2022-11-02.pdf.jpg,
140,C:\Users\MoOoOona\Desktop\Sciton\pdf\ocrpdf\images\50556 s2022-03-01.pdf.jpg,
141,C:\Users\MoOoOona\Desktop\Sciton\pdf\ocrpdf\images\50561 m2021-12-20.pdf.jpg,
142,C:\Users\MoOoOona\Desktop\Sciton\pdf\ocrpdf\images\50561 s2022-08-31.pdf.jpg,
143,C:\Users\MoOoOona\Desktop\Sciton\pdf\ocrpdf\images\50562 s2022-11-28.pdf.jpg,
144,C:\Users\MoOoOona\Desktop\Sciton\pdf\ocrpdf\images\50572 m2021-12-29.pdf.jpg,
145,C:\Users\MoOoOona\Desktop\Sciton\pdf\ocrpdf\images\50573 s2022-12-30.pdf.jpg,
146,C:\Users\MoOoOona\Desktop\Sciton\pdf\ocrpdf\images\50574 m2021-12-31.pdf.jpg,
147,C:\Users\MoOoOona\Desktop\Sciton\pdf\ocrpdf\images\50576 s2022-06-10.pdf.jpg,C:\Users\MoOoOona\Desktop\Sciton\pdf\ocrpdf\cropped_images\50576 s2022-06-10_cropped.jpg
148,C:\Users\MoOoOona\Desktop\Sciton\pdf\ocrpdf\images\50577 m2021-12-31.pdf.jpg,
149,C:\Users\MoOoOona\Desktop\Sciton\pdf\ocrpdf\images\50577 s2022-01-07.pdf.jpg,
150,C:\Users\MoOoOona\Desktop\Sciton\pdf\ocrpdf\images\50578 m2021-12-31.pdf.jpg,
151,C:\Users\MoOoOona\Desktop\Sciton\pdf\ocrpdf\images\50578 s2022-08-22.pdf.jpg,
152,C:\Users\MoOoOona\Desktop\Sciton\pdf\ocrpdf\images\50579 m2021-12-31.pdf.jpg,
153,C:\Users\MoOoOona\Desktop\Sciton\pdf\ocrpdf\images\50579 s2022-01-06.pdf.jpg,
154,C:\Users\MoOoOona\Desktop\Sciton\pdf\ocrpdf\images\50581 m2021-12-31.pdf.jpg,
155,C:\Users\MoOoOona\Desktop\Sciton\pdf\ocrpdf\images\50586 m2022-01-07.pdf.jpg,
156,C:\Users\MoOoOona\Desktop\Sciton\pdf\ocrpdf\images\50589 m2022-01-10.pdf.jpg,
157,C:\Users\MoOoOona\Desktop\Sciton\pdf\ocrpdf\images\50592 m2022-01-10.pdf.jpg,
158,C:\Users\MoOoOona\Desktop\Sciton\pdf\ocrpdf\images\50592 m2022-05-05.pdf.jpg,
159,C:\Users\MoOoOona\Desktop\Sciton\pdf\ocrpdf\images\50592 s2022-02-25.pdf.jpg,
160,C:\Users\MoOoOona\Desktop\Sciton\pdf\ocrpdf\images\50593 m2022-01-10.pdf.jpg,
161,C:\Users\MoOoOona\Desktop\Sciton\pdf\ocrpdf\images\50594 m2022-01-10.pdf.jpg,
162,C:\Users\MoOoOona\Desktop\Sciton\pdf\ocrpdf\images\50594 s2022-01-14.pdf.jpg,C:\Users\MoOoOona\Desktop\Sciton\pdf\ocrpdf\cropped_images\50594 s2022-01-14_cropped.jpg
163,C:\Users\MoOoOona\Desktop\Sciton\pdf\ocrpdf\images\50595 m2022-01-13.pdf.jpg,
164,C:\Users\MoOoOona\Desktop\Sciton\pdf\ocrpdf\images\50596 m2022-01-14.pdf.jpg,
165,C:\Users\MoOoOona\Desktop\Sciton\pdf\ocrpdf\images\50596 s2022-03-04.pdf.jpg,C:\Users\MoOoOona\Desktop\Sciton\pdf\ocrpdf\cropped_images\50596 s2022-03-04_cropped.jpg
166,C:\Users\MoOoOona\Desktop\Sciton\pdf\ocrpdf\images\50596 s2022-06-02.pdf.jpg,
167,C:\Users\MoOoOona\Desktop\Sciton\pdf\ocrpdf\images\50597 m2022-01-20.pdf.jpg,
168,C:\Users\MoOoOona\Desktop\Sciton\pdf\ocrpdf\images\50597 s2022-01-24.pdf.jpg,C:\Users\MoOoOona\Desktop\Sciton\pdf\ocrpdf\cropped_images\50597 s2022-01-24_cropped.jpg
169,C:\Users\MoOoOona\Desktop\Sciton\pdf\ocrpdf\images\50598 m2022-01-25.pdf.jpg,
170,C:\Users\MoOoOona\Desktop\Sciton\pdf\ocrpdf\images\50598 s2022-01-24.pdf.jpg,
171,C:\Users\MoOoOona\Desktop\Sciton\pdf\ocrpdf\images\50599 m2022-01-18.pdf.jpg,
172,C:\Users\MoOoOona\Desktop\Sciton\pdf\ocrpdf\images\50599 s2022-01-21.pdf.jpg,
173,C:\Users\MoOoOona\Desktop\Sciton\pdf\ocrpdf\images\50600 m2022-01-18.pdf.jpg,
174,C:\Users\MoOoOona\Desktop\Sciton\pdf\ocrpdf\images\50601 m2022-01-18.pdf.jpg,
175,C:\Users\MoOoOona\Desktop\Sciton\pdf\ocrpdf\images\50601 s2022-01-24.pdf.jpg,C:\Users\MoOoOona\Desktop\Sciton\pdf\ocrpdf\cropped_images\50601 s2022-01-24_cropped.jpg
176,C:\Users\MoOoOona\Desktop\Sciton\pdf\ocrpdf\images\50601 s2022-04-07.pdf.jpg,
177,C:\Users\MoOoOona\Desktop\Sciton\pdf\ocrpdf\images\50602 m2022-01-18.pdf.jpg,
178,C:\Users\MoOoOona\Desktop\Sciton\pdf\ocrpdf\images\50603 m2022-01-24.pdf.jpg,
179,C:\Users\MoOoOona\Desktop\Sciton\pdf\ocrpdf\images\50604 m2022-01-25.pdf.jpg,
180,C:\Users\MoOoOona\Desktop\Sciton\pdf\ocrpdf\images\50605 m2022-01-25.pdf.jpg,
181,C:\Users\MoOoOona\Desktop\Sciton\pdf\ocrpdf\images\50606 m2022-01-25.pdf.jpg,
182,C:\Users\MoOoOona\Desktop\Sciton\pdf\ocrpdf\images\50607 m2022-01-24.pdf.jpg,
183,C:\Users\MoOoOona\Desktop\Sciton\pdf\ocrpdf\images\50607 s2022-02-17.pdf.jpg,
184,C:\Users\MoOoOona\Desktop\Sciton\pdf\ocrpdf\images\50608 m2022-01-25.pdf.jpg,
185,C:\Users\MoOoOona\Desktop\Sciton\pdf\ocrpdf\images\50609 m2022-01-25.pdf.jpg,
186,C:\Users\MoOoOona\Desktop\Sciton\pdf\ocrpdf\images\50609 s2022-01-25.pdf.jpg,C:\Users\MoOoOona\Desktop\Sciton\pdf\ocrpdf\cropped_images\50609 s2022-01-25_cropped.jpg
187,C:\Users\MoOoOona\Desktop\Sciton\pdf\ocrpdf\images\50609 s2022-11-09.pdf.jpg,
188,C:\Users\MoOoOona\Desktop\Sciton\pdf\ocrpdf\images\50610 m2022-01-25.pdf.jpg,
189,C:\Users\MoOoOona\Desktop\Sciton\pdf\ocrpdf\images\50610 s2022-01-27.pdf.jpg,
190,C:\Users\MoOoOona\Desktop\Sciton\pdf\ocrpdf\images\50611 m2022-01-31.pdf.jpg,
191,C:\Users\MoOoOona\Desktop\Sciton\pdf\ocrpdf\images\50611 s2022-10-24.pdf.jpg,
192,C:\Users\MoOoOona\Desktop\Sciton\pdf\ocrpdf\images\50611 s2022-10-26.pdf.jpg,
193,C:\Users\MoOoOona\Desktop\Sciton\pdf\ocrpdf\images\50612 m2022-01-31.pdf.jpg,
194,C:\Users\MoOoOona\Desktop\Sciton\pdf\ocrpdf\images\50612 s2022-09-06.pdf.jpg,
195,C:\Users\MoOoOona\Desktop\Sciton\pdf\ocrpdf\images\50614 m2022-01-31.pdf.jpg,
196,C:\Users\MoOoOona\Desktop\Sciton\pdf\ocrpdf\images\50615 m2022-01-31.pdf.jpg,
197,C:\Users\MoOoOona\Desktop\Sciton\pdf\ocrpdf\images\50616 m2022-01-31.pdf.jpg,
198,C:\Users\MoOoOona\Desktop\Sciton\pdf\ocrpdf\images\50616 s2022-08-30.pdf.jpg,
199,C:\Users\MoOoOona\Desktop\Sciton\pdf\ocrpdf\images\50617 m2022-01-31.pdf.jpg,
200,C:\Users\MoOoOona\Desktop\Sciton\pdf\ocrpdf\images\50617 m2022-06-20.pdf.jpg,
201,C:\Users\MoOoOona\Desktop\Sciton\pdf\ocrpdf\images\50617 s2022-02-09.pdf.jpg,C:\Users\MoOoOona\Desktop\Sciton\pdf\ocrpdf\cropped_images\50617 s2022-02-09_cropped.jpg
202,C:\Users\MoOoOona\Desktop\Sciton\pdf\ocrpdf\images\50619 m2022-01-31.pdf.jpg,
203,C:\Users\MoOoOona\Desktop\Sciton\pdf\ocrpdf\images\50620 m2022-02-07.pdf.jpg,
204,C:\Users\MoOoOona\Desktop\Sciton\pdf\ocrpdf\images\50621 m2022-01-31.pdf.jpg,
205,C:\Users\MoOoOona\Desktop\Sciton\pdf\ocrpdf\images\50621 s2022-02-07.pdf.jpg,C:\Users\MoOoOona\Desktop\Sciton\pdf\ocrpdf\cropped_images\50621 s2022-02-07_cropped.jpg
206,C:\Users\MoOoOona\Desktop\Sciton\pdf\ocrpdf\images\50622 m2022-01-31.pdf.jpg,
207,C:\Users\MoOoOona\Desktop\Sciton\pdf\ocrpdf\images\50622 s2022-02-09.pdf.jpg,
208,C:\Users\MoOoOona\Desktop\Sciton\pdf\ocrpdf\images\50623 m2022-01-31.pdf.jpg,
209,C:\Users\MoOoOona\Desktop\Sciton\pdf\ocrpdf\images\50623 s2022-02-04.pdf.jpg,
210,C:\Users\MoOoOona\Desktop\Sciton\pdf\ocrpdf\images\50623 s2022-03-24 (2).pdf.jpg,
211,C:\Users\MoOoOona\Desktop\Sciton\pdf\ocrpdf\images\50623 s2022-05-06.pdf.jpg,
212,C:\Users\MoOoOona\Desktop\Sciton\pdf\ocrpdf\images\50623 s2022-05-09.pdf.jpg,
213,C:\Users\MoOoOona\Desktop\Sciton\pdf\ocrpdf\images\50624 m2022-02-04.pdf.jpg,
214,C:\Users\MoOoOona\Desktop\Sciton\pdf\ocrpdf\images\50624 s2022-10-05.pdf.jpg,
215,C:\Users\MoOoOona\Desktop\Sciton\pdf\ocrpdf\images\50625 m2022-02-05.pdf.jpg,
216,C:\Users\MoOoOona\Desktop\Sciton\pdf\ocrpdf\images\50625 m2022-07-26.pdf.jpg,
217,C:\Users\MoOoOona\Desktop\Sciton\pdf\ocrpdf\images\50626 m2022-02-07.pdf.jpg,
218,C:\Users\MoOoOona\Desktop\Sciton\pdf\ocrpdf\images\50626 s2022-02-08.pdf.jpg,C:\Users\MoOoOona\Desktop\Sciton\pdf\ocrpdf\cropped_images\50626 s2022-02-08_cropped.jpg
219,C:\Users\MoOoOona\Desktop\Sciton\pdf\ocrpdf\images\50627 m2022-02-07.pdf.jpg,
220,C:\Users\MoOoOona\Desktop\Sciton\pdf\ocrpdf\images\50627 s2022-02-08.pdf.jpg,C:\Users\MoOoOona\Desktop\Sciton\pdf\ocrpdf\cropped_images\50627 s2022-02-08_cropped.jpg
221,C:\Users\MoOoOona\Desktop\Sciton\pdf\ocrpdf\images\50628 s2022-05-17.pdf.jpg,
222,C:\Users\MoOoOona\Desktop\Sciton\pdf\ocrpdf\images\50630 m2022-02-14.pdf.jpg,
223,C:\Users\MoOoOona\Desktop\Sciton\pdf\ocrpdf\images\50631 m2022-02-05.pdf.jpg,
224,C:\Users\MoOoOona\Desktop\Sciton\pdf\ocrpdf\images\50633 m2022-02-07.pdf.jpg,
225,C:\Users\MoOoOona\Desktop\Sciton\pdf\ocrpdf\images\50633 s2022-02-10.pdf.jpg,C:\Users\MoOoOona\Desktop\Sciton\pdf\ocrpdf\cropped_images\50633 s2022-02-10_cropped.jpg
226,C:\Users\MoOoOona\Desktop\Sciton\pdf\ocrpdf\images\50633 s2022-12-09.pdf.jpg,
227,C:\Users\MoOoOona\Desktop\Sciton\pdf\ocrpdf\images\50633 s2022-12-16.pdf.jpg,
228,C:\Users\MoOoOona\Desktop\Sciton\pdf\ocrpdf\images\50634 m2022-02-07.pdf.jpg,
229,C:\Users\MoOoOona\Desktop\Sciton\pdf\ocrpdf\images\50634 s2022-12-06.pdf.jpg,
230,C:\Users\MoOoOona\Desktop\Sciton\pdf\ocrpdf\images\50635 m2022-06-24.pdf.jpg,
231,C:\Users\MoOoOona\Desktop\Sciton\pdf\ocrpdf\images\50635 s2022-08-26.pdf.jpg,
232,C:\Users\MoOoOona\Desktop\Sciton\pdf\ocrpdf\images\50636 m2022-02-07.pdf.jpg,
233,C:\Users\MoOoOona\Desktop\Sciton\pdf\ocrpdf\images\50636 s2022-07-18.pdf.jpg,
234,C:\Users\MoOoOona\Desktop\Sciton\pdf\ocrpdf\images\50637 m2022-02-26.pdf.jpg,
235,C:\Users\MoOoOona\Desktop\Sciton\pdf\ocrpdf\images\50637 s2023-01-05.pdf.jpg,
236,C:\Users\MoOoOona\Desktop\Sciton\pdf\ocrpdf\images\50638 m2022-02-14.pdf.jpg,
237,C:\Users\MoOoOona\Desktop\Sciton\pdf\ocrpdf\images\50638 m2022-09-19.pdf.jpg,
238,C:\Users\MoOoOona\Desktop\Sciton\pdf\ocrpdf\images\50641 m2022-02-14.pdf.jpg,
239,C:\Users\MoOoOona\Desktop\Sciton\pdf\ocrpdf\images\50642 m2022-02-14.pdf.jpg,
240,C:\Users\MoOoOona\Desktop\Sciton\pdf\ocrpdf\images\50643 m2022-02-14.pdf.jpg,
241,C:\Users\MoOoOona\Desktop\Sciton\pdf\ocrpdf\images\50644 m2022-02-14.pdf.jpg,
242,C:\Users\MoOoOona\Desktop\Sciton\pdf\ocrpdf\images\50645 m2022-02-14.pdf.jpg,
243,C:\Users\MoOoOona\Desktop\Sciton\pdf\ocrpdf\images\50646 m2022-02-14.pdf.jpg,
244,C:\Users\MoOoOona\Desktop\Sciton\pdf\ocrpdf\images\50647 m2022-02-14.pdf.jpg,
245,C:\Users\MoOoOona\Desktop\Sciton\pdf\ocrpdf\images\50648 m2022-02-14.pdf.jpg,
246,C:\Users\MoOoOona\Desktop\Sciton\pdf\ocrpdf\images\50649 m2022-02-21.pdf.jpg,
247,C:\Users\MoOoOona\Desktop\Sciton\pdf\ocrpdf\images\50650 m2022-02-21.pdf.jpg,
248,C:\Users\MoOoOona\Desktop\Sciton\pdf\ocrpdf\images\50651 m2022-02-21.pdf.jpg,
249,C:\Users\MoOoOona\Desktop\Sciton\pdf\ocrpdf\images\50652 m2022-02-21.pdf.jpg,
250,C:\Users\MoOoOona\Desktop\Sciton\pdf\ocrpdf\images\50652 m2022-09-30 (2).pdf.jpg,
251,C:\Users\MoOoOona\Desktop\Sciton\pdf\ocrpdf\images\50652 m2022-09-30.pdf.jpg,
252,C:\Users\MoOoOona\Desktop\Sciton\pdf\ocrpdf\images\50653 m2022-02-21.pdf.jpg,
253,C:\Users\MoOoOona\Desktop\Sciton\pdf\ocrpdf\images\50654 m2022-02-21.pdf.jpg,
254,C:\Users\MoOoOona\Desktop\Sciton\pdf\ocrpdf\images\50656 m2022-02-21.pdf.jpg,
255,C:\Users\MoOoOona\Desktop\Sciton\pdf\ocrpdf\images\50657 m2022-02-21.pdf.jpg,
256,C:\Users\MoOoOona\Desktop\Sciton\pdf\ocrpdf\images\50658 m2022-02-21.pdf.jpg,
257,C:\Users\MoOoOona\Desktop\Sciton\pdf\ocrpdf\images\50659 m2022-02-21.pdf.jpg,
258,C:\Users\MoOoOona\Desktop\Sciton\pdf\ocrpdf\images\50660 m2022-02-28.pdf.jpg,
259,C:\Users\MoOoOona\Desktop\Sciton\pdf\ocrpdf\images\50661 m2022-09-26.pdf.jpg,
260,C:\Users\MoOoOona\Desktop\Sciton\pdf\ocrpdf\images\50662 m2022-02-28.pdf.jpg,
261,C:\Users\MoOoOona\Desktop\Sciton\pdf\ocrpdf\images\50662 s2023-01-03.pdf.jpg,
262,C:\Users\MoOoOona\Desktop\Sciton\pdf\ocrpdf\images\50663 m2022-02-28.pdf.jpg,
263,C:\Users\MoOoOona\Desktop\Sciton\pdf\ocrpdf\images\50664 m2022-02-28.pdf.jpg,
264,C:\Users\MoOoOona\Desktop\Sciton\pdf\ocrpdf\images\50665 m2022-02-28.pdf.jpg,
265,C:\Users\MoOoOona\Desktop\Sciton\pdf\ocrpdf\images\50665 s2022-04-15.pdf.jpg,
266,C:\Users\MoOoOona\Desktop\Sciton\pdf\ocrpdf\images\50665 s2022-07-14.pdf.jpg,
267,C:\Users\MoOoOona\Desktop\Sciton\pdf\ocrpdf\images\50665 s2022-12-09.pdf.jpg,
268,C:\Users\MoOoOona\Desktop\Sciton\pdf\ocrpdf\images\50666 m2022-02-28.pdf.jpg,
269,C:\Users\MoOoOona\Desktop\Sciton\pdf\ocrpdf\images\50666 s2022-03-14.pdf.jpg,
270,C:\Users\MoOoOona\Desktop\Sciton\pdf\ocrpdf\images\50667 m2022-02-28.pdf.jpg,
271,C:\Users\MoOoOona\Desktop\Sciton\pdf\ocrpdf\images\50667 s2022-11-01 (2).pdf.jpg,
272,C:\Users\MoOoOona\Desktop\Sciton\pdf\ocrpdf\images\50667 s2022-11-01.pdf.jpg,
273,C:\Users\MoOoOona\Desktop\Sciton\pdf\ocrpdf\images\50668 m2022-02-28.pdf.jpg,
274,C:\Users\MoOoOona\Desktop\Sciton\pdf\ocrpdf\images\50668 s2022-03-08.pdf.jpg,
275,C:\Users\MoOoOona\Desktop\Sciton\pdf\ocrpdf\images\50668 s2022-12-22.pdf.jpg,
276,C:\Users\MoOoOona\Desktop\Sciton\pdf\ocrpdf\images\50669 m2022-02-28.pdf.jpg,
277,C:\Users\MoOoOona\Desktop\Sciton\pdf\ocrpdf\images\50671 m2022-03-15.pdf.jpg,
278,C:\Users\MoOoOona\Desktop\Sciton\pdf\ocrpdf\images\50672 m2022-03-14.pdf.jpg,
279,C:\Users\MoOoOona\Desktop\Sciton\pdf\ocrpdf\images\50673 m2022-03-14.pdf.jpg,
280,C:\Users\MoOoOona\Desktop\Sciton\pdf\ocrpdf\images\50675 m2022-03-14.pdf.jpg,
281,C:\Users\MoOoOona\Desktop\Sciton\pdf\ocrpdf\images\50677 m2022-03-14.pdf.jpg,
282,C:\Users\MoOoOona\Desktop\Sciton\pdf\ocrpdf\images\50678 m2022-03-15.pdf.jpg,
283,C:\Users\MoOoOona\Desktop\Sciton\pdf\ocrpdf\images\50678 s2022-03-16.pdf.jpg,
284,C:\Users\MoOoOona\Desktop\Sciton\pdf\ocrpdf\images\50679 m2022-03-15.pdf.jpg,
285,C:\Users\MoOoOona\Desktop\Sciton\pdf\ocrpdf\images\50679 s2022-10-20 (2).pdf.jpg,
286,C:\Users\MoOoOona\Desktop\Sciton\pdf\ocrpdf\images\50681 m2022-03-15.pdf.jpg,
287,C:\Users\MoOoOona\Desktop\Sciton\pdf\ocrpdf\images\50682 m2022-03-21.pdf.jpg,
288,C:\Users\MoOoOona\Desktop\Sciton\pdf\ocrpdf\images\50682 s2022-06-08.pdf.jpg,
289,C:\Users\MoOoOona\Desktop\Sciton\pdf\ocrpdf\images\50683 m2022-03-14.pdf.jpg,
290,C:\Users\MoOoOona\Desktop\Sciton\pdf\ocrpdf\images\50683 s2022-04-08.pdf.jpg,
291,C:\Users\MoOoOona\Desktop\Sciton\pdf\ocrpdf\images\50683 s2022-11-17.pdf.jpg,
292,C:\Users\MoOoOona\Desktop\Sciton\pdf\ocrpdf\images\50684 m2022-03-21.pdf.jpg,
293,C:\Users\MoOoOona\Desktop\Sciton\pdf\ocrpdf\images\50685 m2022-03-14.pdf.jpg,
294,C:\Users\MoOoOona\Desktop\Sciton\pdf\ocrpdf\images\50685 s2022-09-29.pdf.jpg,
295,C:\Users\MoOoOona\Desktop\Sciton\pdf\ocrpdf\images\50685 s2022-10-05.pdf.jpg,
296,C:\Users\MoOoOona\Desktop\Sciton\pdf\ocrpdf\images\50686 m2022-3-25.pdf.jpg,
297,C:\Users\MoOoOona\Desktop\Sciton\pdf\ocrpdf\images\50687 m2022-03-22.pdf.jpg,
298,C:\Users\MoOoOona\Desktop\Sciton\pdf\ocrpdf\images\50688 m2022-3-14.pdf.jpg,
299,C:\Users\MoOoOona\Desktop\Sciton\pdf\ocrpdf\images\50689 m2022-03-14.pdf.jpg,
300,C:\Users\MoOoOona\Desktop\Sciton\pdf\ocrpdf\images\50689 m2022-09-30.pdf.jpg,
301,C:\Users\MoOoOona\Desktop\Sciton\pdf\ocrpdf\images\50689 s2022-03-25.pdf.jpg,
302,C:\Users\MoOoOona\Desktop\Sciton\pdf\ocrpdf\images\50689 s2022-03-31.pdf.jpg,
303,C:\Users\MoOoOona\Desktop\Sciton\pdf\ocrpdf\images\50689 s2022-11-04.pdf.jpg,
304,C:\Users\MoOoOona\Desktop\Sciton\pdf\ocrpdf\images\50691 m2022-03-14.pdf.jpg,
305,C:\Users\MoOoOona\Desktop\Sciton\pdf\ocrpdf\images\50691 s2022-09-06.pdf.jpg,
306,C:\Users\MoOoOona\Desktop\Sciton\pdf\ocrpdf\images\50691 s2022-09-29.pdf.jpg,
307,C:\Users\MoOoOona\Desktop\Sciton\pdf\ocrpdf\images\50692 m2022-03-15.pdf.jpg,
308,C:\Users\MoOoOona\Desktop\Sciton\pdf\ocrpdf\images\50693 m2022-03-28.pdf.jpg,
309,C:\Users\MoOoOona\Desktop\Sciton\pdf\ocrpdf\images\50694 m2022-03-15.pdf.jpg,
310,C:\Users\MoOoOona\Desktop\Sciton\pdf\ocrpdf\images\50696 m2022-03-15.pdf.jpg,
311,C:\Users\MoOoOona\Desktop\Sciton\pdf\ocrpdf\images\50696 s2022-08-26.pdf.jpg,
312,C:\Users\MoOoOona\Desktop\Sciton\pdf\ocrpdf\images\50697 m2022-03-15.pdf.jpg,
313,C:\Users\MoOoOona\Desktop\Sciton\pdf\ocrpdf\images\50698 m2022-03-22.pdf.jpg,
314,C:\Users\MoOoOona\Desktop\Sciton\pdf\ocrpdf\images\50698 s2022-10-11.pdf.jpg,
315,C:\Users\MoOoOona\Desktop\Sciton\pdf\ocrpdf\images\50700 m2022-03-21.pdf.jpg,
316,C:\Users\MoOoOona\Desktop\Sciton\pdf\ocrpdf\images\50700 s2022-06-24.pdf.jpg,
317,C:\Users\MoOoOona\Desktop\Sciton\pdf\ocrpdf\images\50702 m2022-03-23.pdf.jpg,
318,C:\Users\MoOoOona\Desktop\Sciton\pdf\ocrpdf\images\50703 m2022-3-22.pdf.jpg,
319,C:\Users\MoOoOona\Desktop\Sciton\pdf\ocrpdf\images\50704 m2022-03-25.pdf.jpg,
320,C:\Users\MoOoOona\Desktop\Sciton\pdf\ocrpdf\images\50705 m2022-03-21.pdf.jpg,
321,C:\Users\MoOoOona\Desktop\Sciton\pdf\ocrpdf\images\50705 s2022-05-05 (2).pdf.jpg,
322,C:\Users\MoOoOona\Desktop\Sciton\pdf\ocrpdf\images\50706 m2022-04-01.pdf.jpg,
323,C:\Users\MoOoOona\Desktop\Sciton\pdf\ocrpdf\images\50706 s2022-12-02.pdf.jpg,
324,C:\Users\MoOoOona\Desktop\Sciton\pdf\ocrpdf\images\50707 m2022-03-25.pdf.jpg,
325,C:\Users\MoOoOona\Desktop\Sciton\pdf\ocrpdf\images\50707 s2023-01-09.pdf.jpg,
326,C:\Users\MoOoOona\Desktop\Sciton\pdf\ocrpdf\images\50708 m2022-03-21.pdf.jpg,
327,C:\Users\MoOoOona\Desktop\Sciton\pdf\ocrpdf\images\50709 m2022-03-31.pdf.jpg,
328,C:\Users\MoOoOona\Desktop\Sciton\pdf\ocrpdf\images\50709 s2022-12-05.pdf.jpg,
329,C:\Users\MoOoOona\Desktop\Sciton\pdf\ocrpdf\images\50710 m2022-03-21.pdf.jpg,
330,C:\Users\MoOoOona\Desktop\Sciton\pdf\ocrpdf\images\50710 s2022-04-18.pdf.jpg,
331,C:\Users\MoOoOona\Desktop\Sciton\pdf\ocrpdf\images\50710 s2022-04-21.pdf.jpg,
332,C:\Users\MoOoOona\Desktop\Sciton\pdf\ocrpdf\images\50710 s2022-06-29.pdf.jpg,
333,C:\Users\MoOoOona\Desktop\Sciton\pdf\ocrpdf\images\50711 m2022-03-28.pdf.jpg,
334,C:\Users\MoOoOona\Desktop\Sciton\pdf\ocrpdf\images\50713 m2022-03-28.pdf.jpg,
335,C:\Users\MoOoOona\Desktop\Sciton\pdf\ocrpdf\images\50713 s2022-04-14.pdf.jpg,
336,C:\Users\MoOoOona\Desktop\Sciton\pdf\ocrpdf\images\50713 s2022-08-31.pdf.jpg,
337,C:\Users\MoOoOona\Desktop\Sciton\pdf\ocrpdf\images\50714 m2022-03-28.pdf.jpg,
338,C:\Users\MoOoOona\Desktop\Sciton\pdf\ocrpdf\images\50715 m2022-03-28.pdf.jpg,
339,C:\Users\MoOoOona\Desktop\Sciton\pdf\ocrpdf\images\50716 m2022-03-28.pdf.jpg,
340,C:\Users\MoOoOona\Desktop\Sciton\pdf\ocrpdf\images\50717 m2022-4-04.pdf.jpg,
341,C:\Users\MoOoOona\Desktop\Sciton\pdf\ocrpdf\images\50718 m2022-03-29.pdf.jpg,
342,C:\Users\MoOoOona\Desktop\Sciton\pdf\ocrpdf\images\50726 m2022-3-31.pdf.jpg,
343,C:\Users\MoOoOona\Desktop\Sciton\pdf\ocrpdf\images\50726 s2022-09-23.pdf.jpg,
344,C:\Users\MoOoOona\Desktop\Sciton\pdf\ocrpdf\images\50726 s2022-09-27 (2).pdf.jpg,
345,C:\Users\MoOoOona\Desktop\Sciton\pdf\ocrpdf\images\50727 m2022-03-31.pdf.jpg,
346,C:\Users\MoOoOona\Desktop\Sciton\pdf\ocrpdf\images\50727 s2022-09-15.pdf.jpg,
347,C:\Users\MoOoOona\Desktop\Sciton\pdf\ocrpdf\images\50727 s2022-11-17.pdf.jpg,
348,C:\Users\MoOoOona\Desktop\Sciton\pdf\ocrpdf\images\50728 m2022-03-31.pdf.jpg,
349,C:\Users\MoOoOona\Desktop\Sciton\pdf\ocrpdf\images\50729 m2022-04-01.pdf.jpg,
350,C:\Users\MoOoOona\Desktop\Sciton\pdf\ocrpdf\images\50729 s2022-10-13.pdf.jpg,
351,C:\Users\MoOoOona\Desktop\Sciton\pdf\ocrpdf\images\50730 m2022-04-01.pdf.jpg,
352,C:\Users\MoOoOona\Desktop\Sciton\pdf\ocrpdf\images\50731 m2022-4-07.pdf.jpg,
353,C:\Users\MoOoOona\Desktop\Sciton\pdf\ocrpdf\images\50732 m2022-4-06.pdf.jpg,
354,C:\Users\MoOoOona\Desktop\Sciton\pdf\ocrpdf\images\50734 m2022-04-01.pdf.jpg,
355,C:\Users\MoOoOona\Desktop\Sciton\pdf\ocrpdf\images\50735 m2022-04-08.pdf.jpg,
356,C:\Users\MoOoOona\Desktop\Sciton\pdf\ocrpdf\images\50736 m2022-04-08.pdf.jpg,
357,C:\Users\MoOoOona\Desktop\Sciton\pdf\ocrpdf\images\50736 s2022-05-24.pdf.jpg,
358,C:\Users\MoOoOona\Desktop\Sciton\pdf\ocrpdf\images\50736 s2022-07-08.pdf.jpg,
359,C:\Users\MoOoOona\Desktop\Sciton\pdf\ocrpdf\images\50736 s2022-08-03.pdf.jpg,
360,C:\Users\MoOoOona\Desktop\Sciton\pdf\ocrpdf\images\50737 m2022-04-11.pdf.jpg,
361,C:\Users\MoOoOona\Desktop\Sciton\pdf\ocrpdf\images\50738 m2022-04-11.pdf.jpg,
362,C:\Users\MoOoOona\Desktop\Sciton\pdf\ocrpdf\images\50738 s2022-07-11.pdf.jpg,
363,C:\Users\MoOoOona\Desktop\Sciton\pdf\ocrpdf\images\50739 m2022-04-18.pdf.jpg,
364,C:\Users\MoOoOona\Desktop\Sciton\pdf\ocrpdf\images\50740 m2022-04-11.pdf.jpg,
365,C:\Users\MoOoOona\Desktop\Sciton\pdf\ocrpdf\images\50741 m2022-04-11.pdf.jpg,
366,C:\Users\MoOoOona\Desktop\Sciton\pdf\ocrpdf\images\50742 m2022-04-08.pdf.jpg,
367,C:\Users\MoOoOona\Desktop\Sciton\pdf\ocrpdf\images\50743 m2022-04-25.pdf.jpg,
368,C:\Users\MoOoOona\Desktop\Sciton\pdf\ocrpdf\images\50744 m2022-04-25.pdf.jpg,
369,C:\Users\MoOoOona\Desktop\Sciton\pdf\ocrpdf\images\50745 m2022-04-25.pdf.jpg,
370,C:\Users\MoOoOona\Desktop\Sciton\pdf\ocrpdf\images\50746 m2022-04-18.pdf.jpg,
371,C:\Users\MoOoOona\Desktop\Sciton\pdf\ocrpdf\images\50748 m2022-04-18.pdf.jpg,
372,C:\Users\MoOoOona\Desktop\Sciton\pdf\ocrpdf\images\50748 s2022-04-18.pdf.jpg,
373,C:\Users\MoOoOona\Desktop\Sciton\pdf\ocrpdf\images\50749 m2022-04-18.pdf.jpg,
374,C:\Users\MoOoOona\Desktop\Sciton\pdf\ocrpdf\images\50749 m2022-05-05.pdf.jpg,
375,C:\Users\MoOoOona\Desktop\Sciton\pdf\ocrpdf\images\50751 m2022-04-18.pdf.jpg,
376,C:\Users\MoOoOona\Desktop\Sciton\pdf\ocrpdf\images\50751 s2022-06-27.pdf.jpg,
377,C:\Users\MoOoOona\Desktop\Sciton\pdf\ocrpdf\images\50752 m2022-04-18.pdf.jpg,
378,C:\Users\MoOoOona\Desktop\Sciton\pdf\ocrpdf\images\50752 s2022-06-02.pdf.jpg,
379,C:\Users\MoOoOona\Desktop\Sciton\pdf\ocrpdf\images\50754 m2022-04-25.pdf.jpg,
380,C:\Users\MoOoOona\Desktop\Sciton\pdf\ocrpdf\images\50754 s2022-05-11.pdf.jpg,
381,C:\Users\MoOoOona\Desktop\Sciton\pdf\ocrpdf\images\50755 m2022-05-09.pdf.jpg,
382,C:\Users\MoOoOona\Desktop\Sciton\pdf\ocrpdf\images\50756 m2022-04-29.pdf.jpg,
383,C:\Users\MoOoOona\Desktop\Sciton\pdf\ocrpdf\images\50759 m2022-04-20.pdf.jpg,
384,C:\Users\MoOoOona\Desktop\Sciton\pdf\ocrpdf\images\50761 m2022-04-21.pdf.jpg,
385,C:\Users\MoOoOona\Desktop\Sciton\pdf\ocrpdf\images\50761 s2022-07-11.pdf.jpg,
386,C:\Users\MoOoOona\Desktop\Sciton\pdf\ocrpdf\images\50761 s2022-08-08.pdf.jpg,
387,C:\Users\MoOoOona\Desktop\Sciton\pdf\ocrpdf\images\50761 s2022-09-08.pdf.jpg,
388,C:\Users\MoOoOona\Desktop\Sciton\pdf\ocrpdf\images\50761 s2022-09-09 (2).pdf.jpg,
389,C:\Users\MoOoOona\Desktop\Sciton\pdf\ocrpdf\images\50761 s2022-09-12.pdf.jpg,
390,C:\Users\MoOoOona\Desktop\Sciton\pdf\ocrpdf\images\50761 s2022-09-15.pdf.jpg,
391,C:\Users\MoOoOona\Desktop\Sciton\pdf\ocrpdf\images\50762 m2022-04-21.pdf.jpg,
392,C:\Users\MoOoOona\Desktop\Sciton\pdf\ocrpdf\images\50764 m2022-04-25.pdf.jpg,
393,C:\Users\MoOoOona\Desktop\Sciton\pdf\ocrpdf\images\50765 m2022-04-27.pdf.jpg,
394,C:\Users\MoOoOona\Desktop\Sciton\pdf\ocrpdf\images\50766 m2022-05-09.pdf.jpg,
395,C:\Users\MoOoOona\Desktop\Sciton\pdf\ocrpdf\images\50767 m2022-05-16.pdf.jpg,
396,C:\Users\MoOoOona\Desktop\Sciton\pdf\ocrpdf\images\50768 m2022-05-28.pdf.jpg,
397,C:\Users\MoOoOona\Desktop\Sciton\pdf\ocrpdf\images\50769 m2022-04-25.pdf.jpg,
398,C:\Users\MoOoOona\Desktop\Sciton\pdf\ocrpdf\images\50770 m2022-05-28.pdf.jpg,
399,C:\Users\MoOoOona\Desktop\Sciton\pdf\ocrpdf\images\50771 m2022-06-03.pdf.jpg,
400,C:\Users\MoOoOona\Desktop\Sciton\pdf\ocrpdf\images\50771 s2022-06-07.pdf.jpg,
401,C:\Users\MoOoOona\Desktop\Sciton\pdf\ocrpdf\images\50772 m2022-04-29.pdf.jpg,
402,C:\Users\MoOoOona\Desktop\Sciton\pdf\ocrpdf\images\50773 m2022-04-29.pdf.jpg,
403,C:\Users\MoOoOona\Desktop\Sciton\pdf\ocrpdf\images\50773 s2022-05-11.pdf.jpg,
404,C:\Users\MoOoOona\Desktop\Sciton\pdf\ocrpdf\images\50774 m2022-04-28.pdf.jpg,
405,C:\Users\MoOoOona\Desktop\Sciton\pdf\ocrpdf\images\50775 m2022-04-30.pdf.jpg,
406,C:\Users\MoOoOona\Desktop\Sciton\pdf\ocrpdf\images\50776 m2022-04-30.pdf.jpg,
407,C:\Users\MoOoOona\Desktop\Sciton\pdf\ocrpdf\images\50778 m2022-05-09.pdf.jpg,
408,C:\Users\MoOoOona\Desktop\Sciton\pdf\ocrpdf\images\50779 m2022-05-23.pdf.jpg,
409,C:\Users\MoOoOona\Desktop\Sciton\pdf\ocrpdf\images\50781 m2022-05-05-22.pdf.jpg,
410,C:\Users\MoOoOona\Desktop\Sciton\pdf\ocrpdf\images\50781 m2022-06-08.pdf.jpg,
411,C:\Users\MoOoOona\Desktop\Sciton\pdf\ocrpdf\images\50781 s2022-05-13.pdf.jpg,
412,C:\Users\MoOoOona\Desktop\Sciton\pdf\ocrpdf\images\50781 s2022-05-16 (2).pdf.jpg,
413,C:\Users\MoOoOona\Desktop\Sciton\pdf\ocrpdf\images\50781 s2022-05-17 (2).pdf.jpg,
414,C:\Users\MoOoOona\Desktop\Sciton\pdf\ocrpdf\images\50781 s2022-11-30.pdf.jpg,
415,C:\Users\MoOoOona\Desktop\Sciton\pdf\ocrpdf\images\50783 m2022-06-18.pdf.jpg,
416,C:\Users\MoOoOona\Desktop\Sciton\pdf\ocrpdf\images\50784 m2022-06-18.pdf.jpg,
417,C:\Users\MoOoOona\Desktop\Sciton\pdf\ocrpdf\images\50786 m2022-05-09.pdf.jpg,
418,C:\Users\MoOoOona\Desktop\Sciton\pdf\ocrpdf\images\50787 m2022-05-09.pdf.jpg,
419,C:\Users\MoOoOona\Desktop\Sciton\pdf\ocrpdf\images\50788 m2022-05-23.pdf.jpg,
420,C:\Users\MoOoOona\Desktop\Sciton\pdf\ocrpdf\images\50789 m2022-05-23.pdf.jpg,
421,C:\Users\MoOoOona\Desktop\Sciton\pdf\ocrpdf\images\50789 s2022-06-16.pdf.jpg,
422,C:\Users\MoOoOona\Desktop\Sciton\pdf\ocrpdf\images\50796 s2022-11-07.pdf.jpg,
